{
	"miniprogramRoot": "miniprogram/",
	"cloudfunctionRoot": "cloudfunctions/",
	"setting": {
		"urlCheck": true,
		"es6": true,
		"postcss": true,
		"minified": true,
		"newFeature": true,
		"coverView": true,
		"autoAudits": false,
		"checkInvalidKey": true,
		"checkSiteMap": true,
		"uploadWithSourceMap": true,
		"babelSetting": {
			"ignore": [],
			"disablePlugins": [],
			"outputPath": ""
		},
		"uglifyFileName": true
	},
	"appid": "wx3ff817e793cfe0a9",
	"projectname": "%E5%B0%8F%E5%B0%8F%E7%9B%B8%E5%86%8C",
	"libVersion": "2.8.0",
	"simulatorType": "wechat",
	"simulatorPluginLibVersion": {},
	"condition": {
		"search": {
			"current": -1,
			"list": []
		},
		"conversation": {
			"current": -1,
			"list": []
		},
		"plugin": {
			"current": -1,
			"list": []
		},
		"game": {
			"list": []
		},
		"miniprogram": {
			"current": -1,
			"list": [
				{
					"id": -1,
					"name": "db guide",
					"pathName": "pages/databaseGuide/databaseGuide",
					"query": ""
				},
				{
					"id": -1,
					"name": "pages/first/first",
					"pathName": "pages/first/first",
					"query": "",
					"scene": null
				},
				{
					"id": -1,
					"name": "pages/login/login",
					"pathName": "pages/login/login",
					"query": "",
					"scene": null
				},
				{
					"id": -1,
					"name": "pages/course/course",
					"pathName": "pages/course/course",
					"query": "",
					"scene": null
				},
				{
					"id": -1,
					"name": "pages/courseConcise/courseConcise",
					"pathName": "pages/courseConcise/courseConcise",
					"query": "",
					"scene": null
				},
				{
					"id": -1,
					"name": "pages/canvas/canvas",
					"pathName": "pages/canvas/canvas",
					"query": "",
					"scene": null
				},
				{
					"id": -1,
					"name": "pages/apage2/apage2",
					"pathName": "pages/apage2/apage2",
					"query": "",
					"scene": null
				}
			]
		}
	}
}